hours_studied,prev_grade,target_score,is_high_effort,predicted_score
2,60,65,0,63.80808516760177
3,65,68,0,68.49618759890662
4,70,72,0,73.18429003021146
5,75,78,0,77.87239246151631
6,80,82,0,82.56049489282117
7,85,88,0,87.24859732412602
8,90,92,1,91.93669975543088
9,92,95,1,94.73313192346424
10,95,98,1,98.16012084592145
